name,description,price,sizes,colours,stock,photos
Linen Shirt,Breathable linen shirt for summer,1650,M|L|XL,White|Sky Blue,18,
Embroidered Salwar Kameez,Three-piece set with dupatta,3900,"S,M,L",Green|Maroon,7,https://example.com/photos/salwar-1.jpg|https://example.com/photos/salwar-2.jpg
,Product with no name,500,,,5,
Handmade Jute Bag,Eco-friendly shopping bag,0,,Natural,30,
Aloe Vera Gel,Soothing gel for skin,abc,,,12,
Bluetooth Speaker,Portable speaker,2200,,Black,9,https://example.com/1.jpg|https://example.com/2.jpg|https://example.com/3.jpg|https://example.com/4.jpg|https://example.com/5.jpg|https://example.com/6.jpg
Cotton Saree,Everyday cotton saree,1450,,Yellow,-3,
Leather Wallet,Slim leather wallet,950,M|m,Brown,14,
Rose Face Wash,Gentle daily face wash,380,,,25,
Terracotta Vase,Handmade clay vase,1200,Small|Large,Terracotta,4,https://example.com/photos/vase.jpg
,Row with several problems,-10,,,2,
